x1region,high_expct_mean
1,7.389066496163683
3,7.35783294606824
2,7.168109939759036
4,7.12532865907099
